{"cameraMode":{"drawMode":0,"name":"Shaded","section":"Shading Mode"},"sceneLighting":false,"audioPlay":false,"sceneViewState":{"showFog":false,"showMaterialUpdate":false,"showSkybox":false,"showFlares":false,"showImageEffects":false,"showParticleSystems":false},"in2DMode":false,"pivot":{"x":2.071000099182129,"y":0.0013813972473144532,"z":1.0080000162124634},"rotation":{"x":0.4231959879398346,"y":0.4006122946739197,"z":-0.21643462777137757,"w":0.7833077907562256},"size":0.00005720935951103456,"orthographic":false}