{"cameraMode":{"drawMode":0,"name":"Shaded","section":"Shading Mode"},"sceneLighting":false,"audioPlay":false,"sceneViewState":{"showFog":false,"showMaterialUpdate":false,"showSkybox":false,"showFlares":false,"showImageEffects":false,"showParticleSystems":false},"in2DMode":false,"pivot":{"x":2.071319341659546,"y":0.011745423078536988,"z":1.0886348485946656},"rotation":{"x":0.18683356046676637,"y":-0.7502332329750061,"z":0.23852024972438813,"w":0.5876660943031311},"size":2.5720956325531008,"orthographic":false}