{"cameraMode":{"drawMode":0,"name":"Shaded","section":"Shading Mode"},"sceneLighting":false,"audioPlay":false,"sceneViewState":{"showFog":false,"showMaterialUpdate":false,"showSkybox":false,"showFlares":false,"showImageEffects":false,"showParticleSystems":false},"in2DMode":false,"pivot":{"x":2.9990620613098146,"y":0.11376146972179413,"z":3.3397631645202638},"rotation":{"x":-0.003117724321782589,"y":-0.9887281060218811,"z":0.14823973178863526,"w":-0.02078506536781788},"size":1.2585203647613526,"orthographic":false}