{"cameraMode":{"drawMode":0,"name":"Shaded","section":"Shading Mode"},"sceneLighting":false,"audioPlay":false,"sceneViewState":{"showFog":false,"showMaterialUpdate":false,"showSkybox":false,"showFlares":false,"showImageEffects":false,"showParticleSystems":false},"in2DMode":false,"pivot":{"x":1730.3914794921875,"y":2241.631591796875,"z":19.923377990722658},"rotation":{"x":0.24280665814876557,"y":-0.4011317491531372,"z":0.11115662008523941,"w":0.8762320280075073},"size":22.0,"orthographic":false}