{"cameraMode":{"drawMode":0,"name":"Shaded","section":"Shading Mode"},"sceneLighting":false,"audioPlay":false,"sceneViewState":{"showFog":false,"showMaterialUpdate":false,"showSkybox":false,"showFlares":false,"showImageEffects":false,"showParticleSystems":false},"in2DMode":false,"pivot":{"x":3.9794435501098635,"y":-1.5449411869049073,"z":4.443328857421875},"rotation":{"x":-0.3627631962299347,"y":-0.4325284957885742,"z":0.19566643238067628,"w":-0.8018956184387207},"size":2.8578836917877199,"orthographic":false}