{"cameraMode":{"drawMode":0,"name":"Shaded","section":"Shading Mode"},"sceneLighting":false,"audioPlay":false,"sceneViewState":{"showFog":false,"showMaterialUpdate":false,"showSkybox":false,"showFlares":false,"showImageEffects":false,"showParticleSystems":false},"in2DMode":false,"pivot":{"x":7.281319618225098,"y":3.5933148860931398,"z":-1.526357650756836},"rotation":{"x":0.2736739218235016,"y":-0.5962921977043152,"z":0.22671109437942506,"w":0.7198196649551392},"size":58.45085144042969,"orthographic":false}