{"cameraMode":{"drawMode":0,"name":"Shaded","section":"Shading Mode"},"sceneLighting":false,"audioPlay":false,"sceneViewState":{"showFog":false,"showMaterialUpdate":false,"showSkybox":false,"showFlares":false,"showImageEffects":false,"showParticleSystems":false},"in2DMode":false,"pivot":{"x":3.2840425968170168,"y":0.8368752002716065,"z":5.020020484924316},"rotation":{"x":0.016807585954666139,"y":-0.9742477536201477,"z":0.21103894710540772,"w":0.07759784162044525},"size":0.4531237781047821,"orthographic":false}