{"cameraMode":{"drawMode":0,"name":"Shaded","section":"Shading Mode"},"sceneLighting":false,"audioPlay":false,"sceneViewState":{"showFog":false,"showMaterialUpdate":false,"showSkybox":false,"showFlares":false,"showImageEffects":false,"showParticleSystems":false},"in2DMode":false,"pivot":{"x":2.625380039215088,"y":0.10218054801225662,"z":3.6461739540100099},"rotation":{"x":-0.33868443965911868,"y":-0.3560054898262024,"z":0.14026877284049989,"w":-0.8595799207687378},"size":0.14289456605911256,"orthographic":false}