{"cameraMode":{"drawMode":0,"name":"Shaded","section":"Shading Mode"},"sceneLighting":false,"audioPlay":false,"sceneViewState":{"showFog":false,"showMaterialUpdate":false,"showSkybox":false,"showFlares":false,"showImageEffects":false,"showParticleSystems":false},"in2DMode":false,"pivot":{"x":404.930419921875,"y":167.68014526367188,"z":-14.262115478515625},"rotation":{"x":-0.3605335056781769,"y":-0.16330009698867799,"z":0.06424249708652497,"w":-0.9160903692245483},"size":171.41014099121095,"orthographic":false}