{"cameraMode":{"drawMode":0,"name":"Shaded","section":"Shading Mode"},"sceneLighting":false,"audioPlay":false,"sceneViewState":{"showFog":false,"showMaterialUpdate":false,"showSkybox":false,"showFlares":false,"showImageEffects":false,"showParticleSystems":false},"in2DMode":false,"pivot":{"x":-3.1539998054504396,"y":3.268199920654297,"z":-3.4170002937316896},"rotation":{"x":0.2736739218235016,"y":-0.5962921977043152,"z":0.22671109437942506,"w":0.7198196649551392},"size":0.30005723237991335,"orthographic":false}