{"cameraMode":{"drawMode":0,"name":"Shaded","section":"Shading Mode"},"sceneLighting":false,"audioPlay":false,"sceneViewState":{"showFog":false,"showMaterialUpdate":false,"showSkybox":false,"showFlares":false,"showImageEffects":false,"showParticleSystems":false},"in2DMode":false,"pivot":{"x":13.550479888916016,"y":-14.585387229919434,"z":10.094812393188477},"rotation":{"x":-0.3291792571544647,"y":-0.45281699299812319,"z":0.18449215590953828,"w":-0.8078121542930603},"size":1.7741543054580689,"orthographic":false}