{"cameraMode":{"drawMode":0,"name":"Shaded","section":"Shading Mode"},"sceneLighting":false,"audioPlay":false,"sceneViewState":{"showFog":false,"showMaterialUpdate":false,"showSkybox":false,"showFlares":false,"showImageEffects":false,"showParticleSystems":false},"in2DMode":false,"pivot":{"x":2.4645447731018068,"y":0.006118757650256157,"z":3.384678602218628},"rotation":{"x":0.18683356046676637,"y":-0.7502332329750061,"z":0.23852024972438813,"w":0.5876660943031311},"size":0.3585203289985657,"orthographic":false}