{"cameraMode":{"drawMode":0,"name":"Shaded","section":"Shading Mode"},"sceneLighting":false,"audioPlay":false,"sceneViewState":{"showFog":false,"showMaterialUpdate":false,"showSkybox":false,"showFlares":false,"showImageEffects":false,"showParticleSystems":false},"in2DMode":false,"pivot":{"x":2.065131425857544,"y":0.09207857400178909,"z":1.0533279180526734},"rotation":{"x":-0.25976961851119997,"y":-0.660630464553833,"z":0.2625775635242462,"w":-0.6535595655441284},"size":0.3001108765602112,"orthographic":false}