{"cameraMode":{"drawMode":0,"name":"Shaded","section":"Shading Mode"},"sceneLighting":false,"audioPlay":false,"sceneViewState":{"showFog":false,"showMaterialUpdate":false,"showSkybox":false,"showFlares":false,"showImageEffects":false,"showParticleSystems":false},"in2DMode":false,"pivot":{"x":-3.9397757053375246,"y":-5.376489639282227,"z":2.1103382110595705},"rotation":{"x":0.2736739218235016,"y":-0.5962921977043152,"z":0.22671109437942506,"w":0.7198196649551392},"size":8.882283210754395,"orthographic":false}