{"cameraMode":{"drawMode":0,"name":"Shaded","section":"Shading Mode"},"sceneLighting":false,"audioPlay":false,"sceneViewState":{"showFog":false,"showMaterialUpdate":false,"showSkybox":false,"showFlares":false,"showImageEffects":false,"showParticleSystems":false},"in2DMode":false,"pivot":{"x":405.79998779296877,"y":189.20001220703126,"z":0.0},"rotation":{"x":0.43332579731941225,"y":0.2321235090494156,"z":-0.11655016988515854,"w":0.8629968166351318},"size":131.49774169921876,"orthographic":false}