{"cameraMode":{"drawMode":0,"name":"Shaded","section":"Shading Mode"},"sceneLighting":false,"audioPlay":false,"sceneViewState":{"showFog":false,"showMaterialUpdate":false,"showSkybox":false,"showFlares":false,"showImageEffects":false,"showParticleSystems":false},"in2DMode":false,"pivot":{"x":2.125875949859619,"y":0.003064872696995735,"z":3.8662805557250978},"rotation":{"x":0.18683356046676637,"y":-0.7502332329750061,"z":0.23852024972438813,"w":0.5876660943031311},"size":2.1721436977386476,"orthographic":false}